{"cameraMode":{"drawMode":0,"name":"Shaded","section":"Shading Mode"},"sceneLighting":true,"audioPlay":false,"sceneViewState":{"m_AlwaysRefresh":false,"showFog":true,"showSkybox":true,"showFlares":true,"showImageEffects":true,"showParticleSystems":true,"showVisualEffectGraphs":true,"m_FxEnabled":true},"in2DMode":false,"pivot":{"x":418.5411376953125,"y":177.04627990722657,"z":265.0596618652344},"rotation":{"x":-0.03326648473739624,"y":0.047054093331098559,"z":-0.0015673832967877389,"w":-0.9983393549919128},"size":268.1156311035156,"orthographic":false}